doc_id,q_id,is_confusing,question,LLM_r,response
doc0001,1,no,What is the primary objective of the Lucy space mission?,gpt-4o,The primary objective of the Lucy space mission is to explore a diverse population of small bodies known as the Jupiter Trojan asteroids.
doc0001,2,no,What are the Jupiter Trojan asteroids?,gpt-4o,"The Jupiter Trojan asteroids are a diverse population of small bodies that are remnants of our early solar system. They are trapped on stable orbits associated with, but not close to, the giant planet Jupiter. These asteroids orbit in two ""swarms"" that lead and follow Jupiter in its orbit around the Sun and are thought to be comparable in number to the objects in the main asteroid belt between the orbits of Mars and Jupiter."
doc0001,3,no,How many asteroids will Lucy explore during its mission?,gpt-4o,"Lucy will explore a total of 10 asteroids during its mission. This includes two asteroids in the belt between Mars and Jupiter (plus a newly discovered satellite) and eight Trojan asteroids, which include five asteroid targets and the satellites of three of those."
doc0001,4,no,How long is the Lucy mission expected to last?,gpt-4o,The Lucy mission is expected to last 12 years.
doc0001,5,no,How many times will Lucy fly by Earth during its mission?,gpt-4o,Lucy will fly by Earth three times during its mission.
doc0001,6,no,What makes Lucy unique in terms of its return to Earth?,gpt-4o,Lucy is unique because it will be the first spacecraft to return to the vicinity of Earth from the outer solar system.
doc0001,1,yes,What is the primary objective of NASA's Lucy mission?,gpt-4o,"The primary objective of NASA's Lucy mission is to explore a diverse population of small bodies known as the Jupiter Trojan asteroids, which are remnants of our early solar system trapped on stable orbits associated with Jupiter."
doc0001,2,yes,How long is the Lucy mission planned to last?,gpt-4o,The Lucy mission is planned to last 12 years.
doc0001,3,yes,How many asteroids will the Lucy spacecraft visit during its mission?,gpt-4o,"The Lucy spacecraft will visit a total of ten asteroids during its mission. This includes two asteroids (plus a newly discovered satellite) in the belt of asteroids between the orbits of Mars and Jupiter, and eight Trojan asteroids, which includes five asteroid targets and the satellites of three of those."
doc0001,4,yes,"What are Trojan asteroids, and why are they significant to the Lucy mission?",gpt-4o,"Trojan asteroids are a diverse population of small bodies that are remnants of our early solar system. They are trapped on stable orbits associated with Jupiter but are not close to the giant planet. These asteroids orbit in two ""swarms"" that lead and follow Jupiter in its orbit around the Sun. Their significance to the Lucy mission lies in their potential to provide insights into the early solar system, as Lucy will explore a record-breaking number of these asteroids during its 12-year mission."
doc0001,5,yes,How many Trojan asteroids will Lucy explore?,gpt-4o,Lucy will explore eight Trojan asteroids.
doc0001,6,yes,What role do gravity assists play in the Lucy mission?,gpt-4o,"Gravity assists play a crucial role in the Lucy mission by providing the spacecraft with additional momentum. Specifically, Lucy will fly by Earth three times to leverage Earth's gravity to gain the necessary speed and trajectory adjustments to reach its asteroid targets efficiently. This technique allows Lucy to conserve fuel and extend its mission capabilities, making it possible to explore multiple asteroids over its 12-year mission."
doc0001,7,yes,How many Earth flybys will Lucy perform for gravity assists?,gpt-4o,Lucy will perform three Earth flybys for gravity assists.
doc0001,8,yes,"What is the historical significance of the name ""Lucy"" for this mission?",gpt-4o,"The document does not provide information about the historical significance of the name ""Lucy"" for this mission."
doc0001,9,yes,What specific insights is the Lucy mission expected to provide?,gpt-4o,"The Lucy mission is expected to provide insights into the diverse population of small bodies known as the Jupiter Trojan asteroids, which are remnants of our early solar system. By exploring these asteroids, Lucy aims to enhance our understanding of the formation and evolution of the solar system."
doc0001,10,yes,Why is the Lucy mission considered groundbreaking in asteroid exploration?,gpt-4o,"The Lucy mission is considered groundbreaking in asteroid exploration because it will explore a record-breaking number of asteroids over its 12-year mission. It will fly by two asteroids (plus a newly discovered satellite) in the main asteroid belt between Mars and Jupiter, and then eight Trojan asteroids, which includes five asteroid targets and the satellites of three of those. Additionally, Lucy will be the first spacecraft to return to the vicinity of Earth from the outer solar system, utilizing Earth's gravity three times for a gravitational assist. This extensive and diverse exploration of asteroids and the unique aspects of its journey make the Lucy mission a pioneering effort in the field."
doc0001,11,yes,What are the two types of asteroids Lucy will visit?,gpt-4o,"Lucy will visit two types of asteroids: the asteroids in the belt between the orbits of Mars and Jupiter, and the Jupiter Trojan asteroids."
doc0001,12,yes,How does the Lucy mission contribute to our understanding of the solar system's formation and evolution?,gpt-4o,"The Lucy mission contributes to our understanding of the solar system's formation and evolution by exploring a diverse population of small bodies known as the Jupiter Trojan asteroids. These asteroids are considered remnants of the early solar system, providing valuable insights into its primordial conditions. By studying these ancient objects, particularly those trapped in stable orbits around Jupiter, Lucy aims to shed light on the processes that shaped the solar system. The mission's exploration of a record-breaking number of asteroids, including both main belt and Trojan asteroids, will offer a comprehensive understanding of the composition, structure, and history of these celestial bodies, ultimately enhancing our knowledge of the solar system's origins and development."
doc0002,1,no,When was Arnold Schwarzenegger born?,gpt-4o,"Arnold Schwarzenegger was born on July 30, 1947."
doc0002,2,no,When did Arnold Schwarzenegger immigrate to the United States?,gpt-4o,Arnold Schwarzenegger immigrated to the United States in 1968.
doc0002,3,no,What degrees and honorary doctorates has Arnold Schwarzenegger received?,gpt-4o,Arnold Schwarzenegger earned a BA in Business and International Economics at the University of Wisconsin-Superior. He received an honorary Doctorate from the University of Wisconsin-Superior in 1996 and an honorary Doctorate from Chapman University in 2002.
doc0002,4,no,When did Arnold Schwarzenegger become the Governor of California?,gpt-4o,"Arnold Schwarzenegger became the Governor of California on November 17, 2003."
doc0002,5,no,What were some of Schwarzenegger's key focuses during his tenure as Governor of California?,gpt-4o,"During his tenure as Governor of California, Arnold Schwarzenegger focused on reducing California's greenhouse gas emissions, increasing the minimum wage, updating the workers' compensation system, promoting physical education, and supporting after-school programs such as the After-School Education & Safety Act."
doc0002,6,no,Who was the first foreign-born governor of California before Schwarzenegger?,gpt-4o,"The first foreign-born governor of California before Schwarzenegger was Irish-born Governor John G. Downey, who served as Governor of California from 1860 to 1862."
doc0002,1,yes,Where was Arnold Schwarzenegger born?,gpt-4o,"Arnold Schwarzenegger was born in Thal, Austria."
doc0002,2,yes,When was Arnold Schwarzenegger born?,gpt-4o,"Arnold Schwarzenegger was born on July 30, 1947."
doc0002,3,yes,In which country is the village of Thal located?,gpt-4o,Austria
doc0002,4,yes,What was Schwarzenegger's dream as a young boy?,gpt-4o,The document does not provide information about Schwarzenegger's dream as a young boy.
doc0002,5,yes,What did Schwarzenegger pursue in higher education after relocating to the United States?,gpt-4o,Schwarzenegger earned a BA in Business and International Economics at the University of Wisconsin-Superior.
doc0002,6,yes,How many times did Schwarzenegger win the title of Mr. Olympia?,gpt-4o,The document provided does not specify the number of times Arnold Schwarzenegger won the title of Mr. Olympia.
doc0002,7,yes,In what year did Schwarzenegger run for the governorship of California?,gpt-4o,Schwarzenegger ran for the governorship of California in 2003.
doc0002,8,yes,What position did Schwarzenegger hold from 2003 to 2011?,gpt-4o,Schwarzenegger held the position of Governor of California from 2003 to 2011.
doc0002,9,yes,Which key environmental initiative did Schwarzenegger champion as governor?,gpt-4o,"As governor, Arnold Schwarzenegger championed the initiative of reducing California's greenhouse gas emissions."
doc0002,10,yes,What labor-related reforms did Schwarzenegger focus on during his tenure as governor?,gpt-4o,"During his tenure as governor, Arnold Schwarzenegger focused on increasing the minimum wage and updating the workers' compensation system."
doc0002,11,yes,What programs did Schwarzenegger support to enhance children's safety and education?,gpt-4o,"Schwarzenegger supported physical education and after-school programs, including the After-School Education & Safety Act, which passed in 2002."
doc0002,12,yes,What does Schwarzenegger's life story demonstrate about the power of dedication and visionary leadership?,gpt-4o,"Arnold Schwarzenegger's life story demonstrates the power of dedication and visionary leadership in several ways. His journey from a small village in Austria to becoming the Governor of California showcases his dedication to achieving his goals, whether in bodybuilding, business, entertainment, or politics. Schwarzenegger's commitment to self-improvement and his ability to set and accomplish ambitious objectives are evident in his numerous achievements, including his immigration to the United States, becoming a U.S. citizen, earning academic degrees, and receiving honorary doctorates.

As a visionary leader, Schwarzenegger successfully transitioned from entertainment to politics, where he utilized his influence to make significant changes. His focus on reducing greenhouse gas emissions, increasing the minimum wage, and updating the workers' compensation system highlights his forward-thinking approach to governance. Additionally, his support for physical education and after-school programs, including the After-School Education & Safety Act, demonstrates his commitment to the well-being and future of California's youth. Overall, Schwarzenegger's life story underscores how dedication and visionary leadership can lead to impactful and diverse accomplishments across various fields."
